<?xml version="1.0" encoding="utf-8" ?> 
<control xmlns:def="Definition" xmlns="http://schemas.sitecore.net/Visual-Studio-Intellisense">
  <YesNoCancelAll>
    <FormPage Background="threedface">
      <Script runat="server" Src="/sitecore/shell/controls/Sitecore.Runtime.js" />
      <Script runat="server">
        scForm.browser.attachEvent(window, "onload", function() { Sitecore.UI.alignButtons($$("BUTTON")) });
      </Script>
      
      <CodeBeside Type="Sitecore.Shell.Applications.Dialogs.YesNoCancelAll.YesNoCancelAllForm,Sitecore.Client"/>

      <GridPanel Width="100%" Height="100%">
        <GridPanel Columns="2" Width="100%" GridPanel.Height="100%" GridPanel.Valign="top">
          
          <ThemedImage Src="Applications/32x32/Warning.png" Width="32" Height="32" Margin="8px 0px 8px 16px" GridPanel.Valign="top"/>
          
          <Border Padding="8px 16px 8px 8px" GridPanel.Width="100%">
            <Literal ID="Text"/>
          </Border>
          
        </GridPanel>

        <Border Align="Center" Padding="16px 8px 8px 8px">
          <Button Click="Yes" Header="Yes" Margin="0px 4px 0px 0px"/>
          <Button Click="YesToAll" Header="Yes to all" Margin="0px 4px 0px 0px"/>
          <Button Click="No" Header="No" Margin="0px 4px 0px 0px"/>
          <Button Click="NoToAll" Header="No to all" Margin="0px 4px 0px 0px"/>
          <Button Click="Cancel" Header="Cancel" Margin="0px 4px 0px 0px"/>
        </Border>
      </GridPanel>
    
    </FormPage>
  </YesNoCancelAll>
</control>
