<?xml version="1.0" encoding="utf-8" ?> 
<control xmlns:def="Definition" xmlns="http://schemas.sitecore.net/Visual-Studio-Intellisense">
  <Gallery.SecurityPresets>
    <Gallery>
      <CodeBeside Type="Sitecore.Shell.Applications.ContentManager.Galleries.SecurityPresets.GallerySecurityPresetsForm,Sitecore.Client"/>

      <GridPanel Width="100%" Height="100%">
        
        <Scrollbox ID="Presets" Height="100%" Class="scScrollbox scFixSize" Padding="0px" Border="none" Background="transparent" GridPanel.Height="100%"/>

        <GalleryMenuLine GridPanel.Height="2" />

        <Gallery.Grip GridPanel.Height="10"/>

      </GridPanel>

    </Gallery>
  </Gallery.SecurityPresets>
</control>
