<?xml version="1.0" encoding="utf-8" ?>
<control xmlns:def="Definition" xmlns="http://schemas.sitecore.net/Visual-Studio-Intellisense">
  <SystemMenu.Workflow def:inherits="Sitecore.Shell.Applications.ContentManager.Galleries.SystemMenu.SystemMenuWorkflowXmlControl,Sitecore.Client">
    
    <Section ID="WorkflowSection" Header="Workflow" Icon="Network/16x16/outbox.png" Class="scSection">

      <Border Padding="0px 4px 0px 4px">
        <GridPanel Columns="2" CellPadding="2">

          <Literal GridPanel.Class="scKey" Text="Workflow:"/>
          <Literal GridPanel.Class="scValue" def:ID="Workflow" />

          <Literal GridPanel.Class="scKey" Text="State:"/>
          <Literal GridPanel.Class="scValue" def:ID="State" />

          <Literal GridPanel.Class="scKey" Text="Lock:"/>
          <Literal GridPanel.Class="scValue" def:ID="Locked" />

        </GridPanel>
      </Border>
      
    </Section>
    
  </SystemMenu.Workflow>
</control>
