<?xml version="1.0" encoding="utf-8" ?> 
<control xmlns:def="Definition" xmlns="http://schemas.sitecore.net/Visual-Studio-Intellisense">
   <Gallery.Open>
    <Gallery>
      <CodeBeside Type="Sitecore.Shell.Applications.ContentManager.Galleries.Open.GalleryOpenForm,Sitecore.Client"/>
      <Script runat="server" >
        if (typeof (scBrowser) != 'undefined') {
        scBrowser.prototype.initializeFixsizeElementsEx = scBrowser.prototype.initializeFixsizeElements;

        scBrowser.prototype.initializeFixsizeElements = function (preserveFixSize) {
        this.initializeFixsizeElementsEx(preserveFixSize);
        correctSize();
        };

        scBrowser.prototype.resizeFixsizeElementsEx = scBrowser.prototype.resizeFixsizeElements;

        scBrowser.prototype.resizeFixsizeElements = function () {
        this.resizeFixsizeElementsEx();
        correctSize();
        };

        function correctSize() {
        var visibleTab = $$('div.scTabPage').findAll(function (element) { return element.visible(); }).first();
        if (visibleTab == 'undefined' || visibleTab == null) {
        return;
        }

        var form = $$("form")[0];
        var dimensions = visibleTab.getDimensions();

        $$('div.scTabPage').findAll(function (element) { return !element.visible(); }).each(function (tab) {
        var scrollbox = tab.select('.scScrollbox').first();

        scrollbox.scHeightAdjustment = form.getHeight() - dimensions.height;        
        scrollbox.setStyle({ height: dimensions.height + "px" });
        });
        }
        }
      </Script>
      <GridPanel Width="100%" Height="100%" Background="#e9e9e9">
        <GridPanel Width="100%" Height="100%" CellPadding="2" GridPanel.Height="100%">
          <Tabstrip ID="Tabs" Height="100%" Width="100%">

            <Tab ID="RecentTab" Header="Recent" Height="100%">
              <Scrollbox Height="100%" Border="none" Padding="0" Class="scScrollbox scFixSize">
                <GalleryMenu ID="RecentMenu" Fill="true"/>
              </Scrollbox>
            </Tab>

            <Tab ID="ContentTab" Header="Content Tree">
              <DataContext ID="ContentDataContext"/>

              <Scrollbox Height="100%" Border="none" Padding="0px" Class="scScrollbox scFixSize">
                <TreeviewEx ID="ContentTreeview" Style="width: 0px" DataContext="ContentDataContext" Click="ContentTreeview_Click"/>
              </Scrollbox>
            </Tab>

          </Tabstrip>
        </GridPanel>

        <Gallery.Grip GridPanel.Height="10"/>
      </GridPanel>

    </Gallery>
  </Gallery.Open>
</control>
