<?xml version="1.0" encoding="UTF-8" ?>
<xamlControls 
  xmlns:x="http://www.sitecore.net/xaml"
  xmlns:ajax="http://www.sitecore.net/ajax"
  xmlns:rest="http://www.sitecore.net/rest"
  xmlns:r="http://www.sitecore.net/renderings"
  xmlns:xmlcontrol="http://www.sitecore.net/xmlcontrols"
  xmlns:p="http://schemas.sitecore.net/Visual-Studio-Intellisense"
  xmlns:asp="http://www.sitecore.net/microsoft/webcontrols"
  xmlns:html="http://www.sitecore.net/microsoft/htmlcontrols"
  xmlns:xsl="http://www.w3.org/1999/XSL/Transform">
  
  <Sitecore.Shell.Applications.ContentNavigator x:inherits="Sitecore.Shell.Applications.ContentNavigator.ContentNavigatorPage,Sitecore.Client">
    <Sitecore.Controls.HtmlPage runat="server">
      <Stylesheet Src="Default.css" DeviceDependant="true" runat="server" x:placeholder="stylesheets" />
      <Stylesheet Src="Content Manager.css" DeviceDependant="true" runat="server" x:placeholder="stylesheets" />
      <Stylesheet Src="Ribbon.css" DeviceDependant="true" runat="server" x:placeholder="stylesheets" />
      <Stylesheet Src="/sitecore/shell/Applications/ContentNavigator/ContentNavigator.css" runat="server" x:placeholder="stylesheets"/>
      <Script Src="/sitecore/shell/controls/lib/scriptaculous/scriptaculous.js" runat="server" />
      <Script Src="/sitecore/shell/Applications/ContentNavigator/ContentNavigator.js" runat="server"/>
      <Script Src="/sitecore/shell/Applications/ContentNavigator/Tile.js" runat="server"/>
      <Script Src="/sitecore/shell/controls/SitecoreWindow.js" runat="server" />

      <AjaxScriptManager runat="server"/>
      <ContinuationManager runat="server" />

      <table class="scPanel scWindowBorder2" cellpadding="0" cellspacing="0" border="0" onactivate="javascript:scWin.activate(this, event)">
        <tr>
          <td class="scCaption scWindowHandle scDockTop" ondblclick="javascript:scWin.maximizeWindow()">
            <div id="CaptionTopLine">
              <img src="/sitecore/images/blank.gif" width="1" height="1" alt="" />
            </div>

            <div class="scSystemButtons">
              <asp:PlaceHolder ID="WindowButtonsPlaceholder" runat="server" />
            </div>

            <div id="RibbonPanel">
              <asp:PlaceHolder ID="RibbonPlaceholder" runat="server" />
            </div>
          </td>
        </tr>

        <tr>
          <td class="scMainPanel" valign="top" height="100%">
            <table width="100%" height="100%" cellpadding="0" cellspacing="0" border="0" style="table-layout:fixed">
              <tr>
                <td class="scWindowBorder3"><img src="/sitecore/images/blank.gif" class="scWindowBorder4" alt="" /></td>

                <td id="LeftPanel" width="252" valign="top">
                  <div style="background: #292929; height: 100%">
                    <Border ID="FiltersPane" runat="server" />
                  </div>
                </td>

                <td id="FillPanel" width="100%" valign="top">
                  <!-- layout hack -->
                  <div id="TilePaneContainer" style="height: 100%; overflow:auto">
                    <Border ID="TilesPane" runat="server" />
                  </div>
                </td>

                <td class="scWindowBorder3"><img src="/sitecore/images/blank.gif" class="scWindowBorder4" alt="" /></td>
              </tr>
            </table>
          </td>
        </tr>

        <tr>
          <td>
            <div id="Trail" style="height: 24px; background: black">              
            </div>
          </td>
        </tr>
        
        <tr>
          <td>
            <div id="SelectionPane">
            </div>
          </td>
        </tr>

        <tr id="BottomBorder">
          <td height="2" class="scWindowBorder3">
            <img src="/sitecore/images/blank.gif" height="2" width="1" alt="" border="0" />
          </td>
        </tr>

      </table>

    </Sitecore.Controls.HtmlPage>
  </Sitecore.Shell.Applications.ContentNavigator>

</xamlControls>
