<?xml version="1.0" encoding="UTF-8" ?>
<xamlControls 
  xmlns:x="http://www.sitecore.net/xaml"
  xmlns:ajax="http://www.sitecore.net/ajax"
  xmlns:rest="http://www.sitecore.net/rest"
  xmlns:r="http://www.sitecore.net/renderings"
  xmlns:xmlcontrol="http://www.sitecore.net/xmlcontrols"
  xmlns:p="http://schemas.sitecore.net/Visual-Studio-Intellisense"
  xmlns:asp="http://www.sitecore.net/microsoft/webcontrols"
  xmlns:html="http://www.sitecore.net/microsoft/htmlcontrols"
  xmlns:xsl="http://www.w3.org/1999/XSL/Transform">

  <Sitecore.Shell.Applications.Rules.RulesEditor x:inherits="Sitecore.Shell.Applications.Rules.RulesEditor.RulesEditorPage,Sitecore.Client">

    <Sitecore.Controls.DialogPage runat="server" Icon="Applications/32x32/window_add.png" Header="Rule Set Editor" Text="Select the conditions and actions first. Then specify the values in the description.">
      <AjaxScriptManager runat="server" />
      <ContinuationManager runat="server" />

      <Script Src="/sitecore/shell/controls/lib/scriptaculous/scriptaculous.js" type="text/javascript" runat="server" />
      <Script Src="/sitecore/shell/controls/lib/scriptaculous/dragdrop.js" type="text/javascript" runat="server" />
      <Script Src="/sitecore/shell/applications/Rules/RulesEditor/RulesEditor.js" type="text/javascript" runat="server" />

      <input type="hidden" id="RuleId" name="RuleId" value="" />

      <style>
        .scConditionOption,
        .scConditionOption:link,
        .scConditionOption:visited,
        .scConditionOption:hover,
        .scConditionOption:active {
        color:#303030;
        text-decoration:none;
        white-space:nowrap;
        }

        .scConditionOption:active {
        color:#000000;
        }

        .scConditionOption:hover {
        color:blue;
        text-decoration:underline
        }

        .scActionOption,
        .scActionOption:link,
        .scActionOption:visited,
        .scActionOption:hover,
        .scActionOption:active {
        color:#303030;
        text-decoration:none;
        white-space:nowrap;
        }

        .scActionOption:active {
        color:#000000;
        }

        .scActionOption:hover {
        color:blue;
        text-decoration:underline
        }

        .scRule {
        padding:2px 4px 2px 0px;
        color:#999999;
        }

        .scRule div {
        display:none;
        }

        .scRuleActive {
        color:black !important;
        font-weight:bold;
        }

        .scRuleHover {
        background:#e8f5fd;
        }

        .scRuleHover div {
        display:block !important;
        }

        .scLine {
        padding:15px 4px 3px 4px;
        white-space:nowrap;
        position:relative;
        }

        .scLine div {
        display:none;
        position:absolute;
        float: none !important;        
        right: 4px;
        top:0px;
        }

        .ie .scLine div
        {
        right: 8px;
        }

        .scLineHover {
        background:#e8f5fd;
        }

        .scLineHover div {
        display:block !important;
        }

        .scLineButton {
        color:#666666;
        }

        .scAction {
        padding:2px 4px 2px 4px;
        }

        .scActionButton,
        .scActionButton:link,
        .scActionButton:visited,
        .scActionButton:hover,
        .scActionButton:active {
        color:blue;
        text-decoration:none;
        }

        .scActionButton:hover,
        .scActionButton:active {
        color:blue;
        text-decoration:underline;
        }

        .scRuleGlyph {
        width:14px;
        height:14px;
        margin:0px 0px 4px 0px;
        vertical-align:bottom;
        background: url("/sitecore/shell/themes/standard/images/WebFramework/expanders/triangle_collapsed.png");
        }

        .scRuleActive .scRuleGlyph {
        background: url("/sitecore/shell/themes/standard/images/WebFramework/expanders/triangle_expanded.png") !important;
        }

        .scSectionGlyph {
        width:14px;
        height:14px;
        margin:0px 0px 4px 0px;
        vertical-align:bottom;
        background: url("/sitecore/shell/themes/standard/images/WebFramework/expanders/triangle_expanded.png");
        }

        .scSectionClosed .scSectionGlyph {
        background: url("/sitecore/shell/themes/standard/images/WebFramework/expanders/triangle_collapsed.png") !important;
        }

        table.scDialogContentContainer
        {
        padding-right: 4px;
        padding-left: 4px;
        }
      </style>

      <table cellpadding="0" cellspacing="4px" border="0" width="100%" height="100%">
        <tr>
          <td style="width:50%; height:50%;">
              
            <table cellpadding="0" cellspacing="0" border="0" width="100%" height="100%">
              <tr>
                <td>
                  <Border runat="server">
          <Literal runat="server" Text="Select the conditions for the rule:" />
        </Border>
                </td>
              </tr>

              <tr>
                <td>
                  <Edit id="ConditionFilter" onfocus="javascript:scFocus(this,event)" onblur="javascript:scBlur(this,event)" style="color:#999999; font:8pt tahoma; width:100%; margin:0px 0px 2px 0px" onkeyup="javascript:scFilterConditions(this,event)" oncut="javascript:scFilterConditions(this,event)" onpaste="javascript:scFilterConditions(this,event)" runat="server" />
                </td>
              </tr>

              <tr>
                <td style="height:100%">
                  <Scrollbox ID="Conditions" Class="scScrollBox scFixSize scFixSize8" Padding="4px" runat="server" Height="100%"/>
                </td>
              </tr>
            </table>

          </td>
          <td ID="ActionPanel" style="width:50%; height:50%;" runat="server">

            <table cellpadding="0" cellspacing="0" border="0" width="100%" height="100%">
              <tr>
                <td>
                  <Border runat="server">
          <Literal runat="server" Text="Select the actions for the rule:" />
        </Border>
                </td>
              </tr>

              <tr>
                <td>
                  <Edit id="ActionFilter" onfocus="javascript:scFocus(this,event)" onblur="javascript:scBlur(this,event)" style="color:#999999; font:8pt tahoma; width:100%; margin:0px 0px 2px 0px" onkeyup="javascript:scFilterActions(this,event)" oncut="javascript:scFilterActions(this,event)" onpaste="javascript:scFilterActions(this,event)" runat="server"/>
                </td>
              </tr>
              
              <tr id="ActionBox">
                <td style="height:100%">
                  <Scrollbox ID="Actions" Class="scScrollBox scFixSize scFixSize8" Padding="4px" runat="server" Height="100%" />
                </td>
              </tr>

            </table>
          </td>
        </tr>

        <tr>
          <td colspan="2">
            <Border runat="server" Margin="12px 0px 2px 0px">
          <Literal runat="server" Text="Rule description (click an underlined value to edit it):" />
        </Border>
          </td>
        </tr>

        <tr>
          <td id="DescriptionCell" colspan="2" style="height:50%">
            <Scrollbox ID="Description" Class="scScrollBox scFixSize scFixSize8" Padding="4px" runat="server" Height="100%"/>
          </td>
        </tr>

      </table>

    </Sitecore.Controls.DialogPage>
    
  </Sitecore.Shell.Applications.Rules.RulesEditor>
</xamlControls>
