<?xml version="1.0" encoding="utf-8" ?>
<control xmlns:def="Definition" xmlns="http://schemas.sitecore.net/Visual-Studio-Intellisense" xmlns:content="http://www.sitecore.net/content">
  <TreeListExEditor>
    <FormDialog ID="Dialog" Icon="Control/32x32/treeview.png" Header="Select Items" Text="Please select the items that you wish to use.">
      <Stylesheet Key="TreeListExEditor">
        .scContentControl {
        height:100%;
        }
        .scContentControlMultilistBox {
        height:100%;
        }
      </Stylesheet>
      <Script Src="/sitecore/shell/applications/content manager/dialogs/treeListExEditor/TreeListExEditor.js" RunAt="server"/>
      <CodeBeside Type="Sitecore.Shell.Applications.ContentEditor.Dialogs.TreeListExEditor.TreeListExEditorForm,Sitecore.Client"/>

      <GridPanel Width="100%" Height="100%" Cellpadding="0" Style="table-layout:fixed">
        <content:TreeList ID="TreeList" Activation="false" Style="background:#e9e9e9;border:none;padding: 0px 4px 4px 4px" />
      </GridPanel>

    </FormDialog>
  </TreeListExEditor>
</control>
