<?xml version="1.0" encoding="utf-8" ?> 
<control xmlns:def="Definition" xmlns="http://schemas.sitecore.net/Visual-Studio-Intellisense">
  <Publish>
    <WizardForm CodeBeside="Sitecore.Shell.Applications.Dialogs.Publish.PublishForm,Sitecore.Client">

      <WizardFormFirstPage ID="FirstPage" Icon="Custom/32x32/Publish.png">
        <Border Class="scWizardWelcomeTitle"><Literal ID="Welcome" Text="Welcome to the Publish Wizard."/></Border>
        <Literal Text="This wizard helps you:"/>
        <ul>
          <li class="scWizardBullet"><Literal Text="Choose publishing mode."/></li>
          <li class="scWizardBullet"><Literal Text="Select the languages to publish."/></li>
          <li class="scWizardBullet"><Literal Text="Select the publishing targets."/></li>
        </ul>
      </WizardFormFirstPage>
      
      <WizardFormPage ID="Settings" Header="Settings" Text="Select the publishing settings. Click Publish to publish." Icon="Custom/32x32/Publish.png">
        <WizardFormPadding>
          <Scrollbox ID="SettingsPane" Border="none" Background="transparent">
            <Groupbox ID="PublishingPanel" Header="Publishing" Margin="0px 0px 16px 0px">
              <Border Padding="4">
                <Border ID="IncrementalPublishPane">
                  <Radiobutton ID="IncrementalPublish" Name="PublishMode" Header="Incremental Publish - Publish Only Changed Items." Value="IncrementalPublish"/><br/>
                </Border>
                <Radiobutton ID="SmartPublish" Name="PublishMode" Header="Smart publish - Publish Differences Between Source and Target Database." Value="SmartPublish" Checked="true"/><br/>
                <Radiobutton ID="Republish" Name="PublishMode" Header="Republish - Publish Everything." Value="Republish"/>
              
                <Border ID="PublishChildrenPane">
                  <Checkbox ID="PublishChildren" Header="Publish Subitems"/>
                </Border>
              </Border>
            </Groupbox>

            <Groupbox ID="LanguagesPanel" Header="Publish Language" Margin="0px 0px 16px 0px">
              <Border Padding="4" ID="Languages"/>
            </Groupbox>

            <Groupbox ID="PublishingTargetsPanel" Header="Publishing Targets">
              <Border Padding="4" ID="PublishingTargets"/>
            </Groupbox>
          </Scrollbox>
          <Border ID="NoPublishingTarget" Visible="false" Align="center" Padding="4px">
            <ThemedImage Src="Applications/24x24/error.png" Width="16" Height="16" Align="absmiddle" Margin="0px 4px 0px 0px" />
            <b>
              <Literal Text="You cannot publish as no publishing targets are defined in this database." />
            </b>
          </Border>
        </WizardFormPadding>
      </WizardFormPage>
    
      <WizardFormPage ID="Publishing" Header="Publishing" Text="Please wait while publishing..." Icon="Custom/32x32/Publish.png">
        <GridPanel Width="100%">
          <Space Height="64"/>
          
          <ThemedImage Src="Custom/48x48/Publish.png" Width="48" Height="48" GridPanel.Align="center"/>

          <Space Height="16"/>
          
          <Border Align="center">
            <ThemedImage Src="Images/progress.gif" Width="94" Height="17"/>
          </Border>
          
          <Space Height="16"/>
          
          <Border ID="PublishingText" Align="center" GridPanel.Align="center" GridPanel.Style="font-weight:bold">
            <Literal Text="Publishing..."/>
          </Border>
          <Space Height="16"/>
          <Border ID="PublishingTarget" Align="center" GridPanel.Align="center">
            &#160;
          </Border>
        </GridPanel>
      </WizardFormPage>

      <WizardFormPage ID="Retry" Header="An error occurred" Text="An error occurred while publishing." Icon="Custom/32x32/Publish.png">
        <WizardFormPadding>
          <Memo ID="ErrorText" ReadOnly="true" Width="100%" Height="100%"/>
        </WizardFormPadding>
      </WizardFormPage>

      <WizardFormLastPage ID="LastPage" Icon="Custom/32x32/Publish.png">
        <GridPanel Cellpadding="2" Width="100%" Height="100%" Fixed="true">
        
          <Border GridPanel.Style="padding:0px 0px 16px 0px; font-weight:bold"><Literal Text="The wizard has completed. Click Finish to close the wizard."/></Border>
          
          <Border GridPanel.Style="padding:0px 0px 2px 0px">
            <Literal ID="Status"/>
          </Border>

          <Border ID="ShowResultPane" GridPanel.Style="padding:8px 0px 2px 0px" Click="ShowResult" RollOver="true" Class="scRollOver">
            <Literal Text="Click here to see additional information."/>
          </Border>
          
          <Border ID="ResultLabel" GridPanel.Style="padding:8px 0px 2px 0px" Visible="false">
            <Literal Text="Result:"/>
          </Border>
          
          <Memo ID="ResultText" ReadOnly="true" Width="100%" Height="100%" GridPanel.Height="100%" Visible="false"/>
          
        </GridPanel>
      </WizardFormLastPage>

    </WizardForm>
  </Publish>
</control>
