<?xml version="1.0" encoding="utf-8" ?> 
<control xmlns:def="Definition" xmlns="http://schemas.sitecore.net/Visual-Studio-Intellisense" xmlns:shell="http://www.sitecore.net/shell">
  <Gallery.New>
    <Gallery>
      <CodeBeside Type="Sitecore.Shell.Applications.ContentManager.Galleries.New.GalleryNewForm,Sitecore.Client"/>

      <GridPanel Width="100%" Height="100%">

        <GalleryMenu ID="Options" GridPanel.Height="100%">
          
          <MenuPanel Height="100%">
            <Scrollbox ID="Masters" Class="scScrollbox scFixSize" Height="100%" Padding="0px" Border="none" Background="transparent"/>
          </MenuPanel>
          
        </GalleryMenu>

        <Gallery.Grip GridPanel.Height="10"/>

      </GridPanel>

    </Gallery>
  </Gallery.New>
</control>
