<?xml version="1.0" encoding="utf-8" ?> 
<control xmlns:def="Definition" xmlns="http://schemas.sitecore.net/Visual-Studio-Intellisense">
  <Sitecore.Shell.Applications.Analytics.VisitorIdentifications.RunVisitorIdentifications>
    <WizardForm CodeBeside="Sitecore.Shell.Applications.Analytics.VisitorIdentifications.RunVisitorIdentificationsForm,Sitecore.Client">

      <WizardFormFirstPage ID="FirstPage" Icon="People/32x32/user1_earth.png">
        <Border Class="scWizardWelcomeTitle"><Literal ID="Welcome" Text="Welcome to the Visitor Classification Wizard."/></Border>
        <Literal Text="This wizard helps you:"/>
        <ul>
          <li class="scWizardBullet"><Literal Text="Update visitor classifications in the Analytics database."/></li>
        </ul>
      </WizardFormFirstPage>
      
      <WizardFormPage ID="Ready" Header="Ready" Text="Click Start to update visitor classifications." Icon="People/32x32/user1_earth.png">
        <WizardFormIndent>
        </WizardFormIndent>
      </WizardFormPage>

      <WizardFormPage ID="Running" Header="Updating" Text="Updating the visitor classifications..." Icon="People/32x32/user1_earth.png">
        <GridPanel Width="100%">
          <Space Height="64"/>

          <ThemedImage Src="People/48x48/user1_earth.png" Width="48" Height="48" GridPanel.Align="center"/>

          <Space Height="16"/>

          <Border Align="center">
            <ThemedImage Src="Images/progress.gif" Width="94" Height="17"/>
          </Border>

          <Space Height="16"/>

          <Border ID="PublishingText" Align="center" GridPanel.Align="center" GridPanel.Style="font-weight:bold">
            <Literal Text="Updating..."/>
          </Border>
          <Space Height="16"/>
          <Border ID="Status" Align="center" GridPanel.Align="center">
            &#160;
          </Border>

        </GridPanel>
      </WizardFormPage>

      <WizardFormPage ID="Retry" Header="Error" Text="An error occurred while updating the visitor classifications." Icon="People/32x32/user1_earth.png">
        <WizardFormPadding>
          <GridPanel Width="100%" Height="100%" Fixed="true">
            <Memo ID="ErrorText" ReadOnly="true" Width="100%" Height="100%"/>
          </GridPanel>
        </WizardFormPadding>
      </WizardFormPage>

      <WizardFormLastPage ID="LastPage" Icon="People/32x32/user1_earth.png">
        <GridPanel Cellpadding="2" Width="100%" Height="100%" Fixed="true">

          <Border GridPanel.Style="padding:0px 0px 16px 0px; font-weight:bold">
            <Literal Text="The wizard has completed. Click Finish to close the wizard."/>
          </Border>

          <Border GridPanel.Style="padding:0px 0px 2px 0px">
            <Literal Text="Result:"/>
          </Border>

          <Memo ID="ResultText" ReadOnly="true" Width="100%" Height="100%" GridPanel.Height="100%"/>

        </GridPanel>
      </WizardFormLastPage>

    </WizardForm>
  </Sitecore.Shell.Applications.Analytics.VisitorIdentifications.RunVisitorIdentifications>
</control>
