<?xml version="1.0" encoding="utf-8" ?>
<xamlControls
  xmlns:x="http://www.sitecore.net/xaml"
  xmlns:ajax="http://www.sitecore.net/ajax"
  xmlns:rest="http://www.sitecore.net/rest"
  xmlns:javascript="http://www.sitecore.net/javascript"
  xmlns:r="http://www.sitecore.net/renderings"
  xmlns:xmlcontrol="http://www.sitecore.net/xmlcontrols"
  xmlns:p="http://schemas.sitecore.net/Visual-Studio-Intellisense"
  xmlns:asp="http://www.sitecore.net/microsoft/webcontrols"
  xmlns:html="http://www.sitecore.net/microsoft/htmlcontrols"
  xmlns:xsl="http://www.w3.org/1999/XSL/Transform">

  <Sitecore.Shell.Applications.Analytics.VisitorIdentification x:inherits="Sitecore.Shell.Applications.Analytics.VisitorIdentification.VisitorIdentificationPage,Sitecore.Client">
    <Sitecore.Controls.DialogPage runat="server" Header="Visitor Classification" Text="Classify a visitor." Icon="Network/16x16/shield1.png">
      <AjaxScriptManager runat="server"/>
      <ContinuationManager runat="server" />
      <Script runat="server" Src="/sitecore/shell/Applications/Analytics/VisitorIdentifications/VisitorIdentification.js" />

      <GridPanel runat="server" Width="100%">
        <Border runat="server" ID="Preview" Padding="4px" Border="1px inset" Margin="0px 0px 8px 0px">
          <Border id="PreviewName" runat="server" Style="font-weight:bold" />
          <Border id="PreviewDescription" runat="server"/>

          <Border id="PreviewOverridden" style="color:maroon;margin:8px 0px 0px 0px" runat="server">
            <Literal runat="server" Text="The 'This Visitor' classification overrides all other classifications."/>
          </Border>
        </Border>

        <Border runat="server" ID="Panel"/>
      </GridPanel>

    </Sitecore.Controls.DialogPage>
  </Sitecore.Shell.Applications.Analytics.VisitorIdentification>
  <!-- http://localhost:94/sitecore/shell/~/xaml/Sitecore.Shell.Applications.Analytics.VisitorIdentification.aspx?SessionId={27E42B45-B7DD-435F-8E21-004E31484C9E}&IpOwnerId={D98C1DD4-008F-04B2-E980-0998ECF8427E} -->
</xamlControls>
