﻿<?xml version="1.0" encoding="utf-8" ?>
<control xmlns:def="Definition">
  <SelectList def:inherits="Sitecore.Shell.Applications.MarketingAutomation.Controls.SelectList,Sitecore.Shell.MarketingAutomation">
    <div Height="40px" class="header">
      <div class="SearchTextLabelContainer">
        <Literal ID="SearchText" runat="server" Text="Search:"  />
      </div>
      <div>
        <input id="search" type="text" class="jq_watermark" title="${Translate.Text(Texts.ENTER_SEARCH_CRITERIA)}"/>
      </div>
      <div class="DomainSelectorContainer">
        <Literal ID="DomainSelectorText" runat="server" Text="Domain:"  />
      </div>
      <div>
        <select  id="domains">
          <option>All</option>
        </select>
      </div>
    </div>

    <table width="100%" height="85%">
      <tr height="12px">
        <td width="50%">
          <Literal ID="AllRolesText" runat="server" Text="Available Roles:"  />
        </td>
        <td width="16px"></td>
        <td width="50%">
          <Literal ID="AddRolesText" runat="server" Text="Add to Roles:"  />
        </td>
      </tr>
      <tr>
        <td rowspan="3">
          <select size="4"  id="allOptions">
            <option>empty</option>
          </select>
        </td>
        <td>
          <ThemedImage runat="server" ID="AddRoleToAdded" Src="Core/16x16/arrow_green_right.png" Height="16" Width="16" Alt="" Style="cursor: pointer; display: block;"/>
          <ThemedImage runat="server" ID="RemoveRoleFromAdded" Src="Core/16x16/arrow_green_left.png"  Height="16" Width="16" Alt="" Style="cursor: pointer; display: block;"/>
        </td>
        <td>
          <select size="4"  id="addList">
            <option>empty</option>
          </select>
        </td>
      </tr>
      <tr height="12px">
        <td></td>
        <td>
          <Literal ID="RemoveRolesText" runat="server" Text="Remove from Roles:"  />
        </td>
      </tr>
      <tr>
        <td>
          <ThemedImage runat="server" ID="AddRoleToRemove" Src="Core/16x16/arrow_green_right.png" Height="16" Width="16" Alt="" Style="cursor: pointer; display: block;" />
          <ThemedImage runat="server" ID="RemoveRoleFromRemove" Src="Core/16x16/arrow_green_left.png"  Height="16" Width="16" Alt="" Style="cursor: pointer; display: block;" />
        </td>
        <td>
          <select size="4" id="removeList">
            <option>empty</option>
          </select>
        </td>
      </tr>
    </table>
    <Edit ID="Added" runat="server" Hidden="true" />
    <Edit ID="Removed" runat="server" Hidden="true"/>
  </SelectList>
</control>