﻿<?xml version="1.0" encoding="UTF-8" ?>
<xamlControls
  xmlns:x="http://www.sitecore.net/xaml"
  xmlns:ajax="http://www.sitecore.net/ajax"
  xmlns:rest="http://www.sitecore.net/rest"
  xmlns:r="http://www.sitecore.net/renderings"
  xmlns:xmlcontrol="http://www.sitecore.net/xmlcontrols"
  xmlns:p="http://schemas.sitecore.net/Visual-Studio-Intellisense"
  xmlns:asp="http://www.sitecore.net/microsoft/webcontrols"
  xmlns:html="http://www.sitecore.net/microsoft/htmlcontrols"
  xmlns:xsl="http://www.w3.org/1999/XSL/Transform">
  <Sitecore.Shell.Applications.ControlPanel.Preferences.ColorPicker.ColorPicker x:inherits="Sitecore.Shell.Applications.ControlPanel.Preferences.ColorPicker.ColorPickerPage,Sitecore.Client">

    <Sitecore.Controls.DialogPage runat="server" Icon="Core2/32x32/colour.png" Header="Desktop Background Color" Text="Select a desktop background color">
      <x:register assembly="Telerik.Web.UI" namespace="Telerik.Web.UI" />
      <AjaxScriptManager runat="server" />
      <RadScriptManager runat="server"/>
      <Border runat="server">
        <RadColorPicker ID="RadColorPicker" runat="server" PaletteModes="WebPalette"  ShowEmptyColor="false" Style="margin:auto;" />
      </Border>

    </Sitecore.Controls.DialogPage>

  </Sitecore.Shell.Applications.ControlPanel.Preferences.ColorPicker.ColorPicker>
</xamlControls>
