<?xml version="1.0" encoding="utf-8" ?>
<control xmlns:def="Definition" xmlns="http://schemas.sitecore.net/Visual-Studio-Intellisense">
  <JavascriptLink>
    <FormDialog Icon="Software/32x32/text_code_javascript.png" 
      Header="Insert a JavaScript link" 
      Text="Please specify the JavaScript and any additional properties. When done, click the OK button."
      OKButton="OK">
        
      <CodeBeside Type="Sitecore.Shell.Applications.Dialogs.JavascriptLink.JavascriptLinkForm,Sitecore.Client"/>

      <GridPanel CellPadding="2" Columns="2" Width="100%">
        <Label For="Text" GridPanel.NoWrap="true"><Literal Text="Link description:"/></Label>
        <Edit ID="Text" Width="100%" GridPanel.Width="100%"/>
        
        <Label For="Url" GridPanel.NoWrap="true" GridPanel.VAlign="top"><Literal Text="JavaScript:"/></Label>
        <Memo ID="Url" Width="100%" Height="80" Wrap="off"/>

        <Label For="Class" GridPanel.NoWrap="true"><Literal Text="Style class:" /></Label>
        <Edit ID="Class" Width="100%" />
        
        <Label for="Title" GridPanel.NoWrap="true"><Literal Text="Alternate text:"/></Label>
        <Edit ID="Title" Width="100%" />

      </GridPanel>
      
    </FormDialog>
  </JavascriptLink>
</control>
