<?xml version="1.0" encoding="UTF-8" ?>
<xamlControls 
  xmlns:x="http://www.sitecore.net/xaml"
  xmlns:ajax="http://www.sitecore.net/ajax"
  xmlns:rest="http://www.sitecore.net/rest"
  xmlns:javascript="http://www.sitecore.net/javascript"
  xmlns:r="http://www.sitecore.net/renderings"
  xmlns:xmlcontrol="http://www.sitecore.net/xmlcontrols"
  xmlns:p="http://schemas.sitecore.net/Visual-Studio-Intellisense"
  xmlns:asp="http://www.sitecore.net/microsoft/webcontrols"
  xmlns:html="http://www.sitecore.net/microsoft/htmlcontrols"
  xmlns:xsl="http://www.w3.org/1999/XSL/Transform">
  
  <Sitecore.Shell.Applications.ContentEditor.Dialogs.EditHtml x:inherits="Sitecore.Shell.Applications.ContentEditor.Dialogs.EditHtml.EditHtmlPage,Sitecore.Client">
    <Sitecore.Controls.HtmlPage Overflow="hidden" runat="server">

      <AjaxScriptManager runat="server"/>
      <ContinuationManager runat="server" />

      <Stylesheet runat="server" Src="Content Manager.css" DeviceDependant="true" x:placeholder="Stylesheets" />
      <Stylesheet runat="server" Src="Ribbon.css" DeviceDependant="true" x:placeholder="Stylesheets" />
      <Stylesheet Key="EditHtml" runat="server">
      .scRibbon {
        padding:0px;
      }
      </Stylesheet>

      <input type="hidden" id="scActiveRibbonStrip" name="scActiveRibbonStrip" />

      <GridPanel Width="100%" Height="100%" Style="table-layout:fixed" runat="server">

        <Border ID="RibbonPanel" runat="server" />

        <Border GridPanel.Height="100%" Height="100%" runat="server">
          <asp:TextBox ID="Html" runat="server" TextMode="MultiLine" Style="width:100%;height:100%;border:none"/>
        </Border>

        <Border Style="border-top:1px solid #666666" Padding="4px" Background="#e9e9e9" Align="right" runat="server">
          <Button runat="server" ID="OK" Width="76px" Height="23px" KeyCode="13" Margin="0px 0px 0px 4px" FontName="Tahoma" FontSize="8pt" Click="OK_Click">
            <Literal runat="server" Text="Accept"/>
          </Button>

          <Button runat="server" ID="Cancel" Width="76px" Height="23px" KeyCode="27" Margin="0px 0px 0px 4px" FontName="Tahoma" FontSize="8pt" Click="Cancel_Click">
            <Literal runat="server" Text="Reject"/>
          </Button>
        </Border>
      </GridPanel>

    </Sitecore.Controls.HtmlPage>
  </Sitecore.Shell.Applications.ContentEditor.Dialogs.EditHtml>

</xamlControls>
                           