<?xml version="1.0" encoding="utf-8" ?>
<xamlControls
  xmlns:x="http://www.sitecore.net/xaml"
  xmlns:ajax="http://www.sitecore.net/ajax"
  xmlns:rest="http://www.sitecore.net/rest"
  xmlns:javascript="http://www.sitecore.net/javascript"
  xmlns:r="http://www.sitecore.net/renderings"
  xmlns:xmlcontrol="http://www.sitecore.net/xmlcontrols"
  xmlns:p="http://schemas.sitecore.net/Visual-Studio-Intellisense"
  xmlns:asp="http://www.sitecore.net/microsoft/webcontrols"
  xmlns:html="http://www.sitecore.net/microsoft/htmlcontrols"
  xmlns:xsl="http://www.w3.org/1999/XSL/Transform">

  <Sitecore.Shell.Applications.Analytics.OrganicBrandedKeywords x:inherits="Sitecore.Shell.Applications.Analytics.OrganicBrandedKeywords.OrganicBrandedKeywordsPage,Sitecore.Client">
    <Sitecore.Controls.HtmlPage runat="server" Overflow="hidden" >
      <x:using namespace="Sitecore.Controls" />
      <AjaxScriptManager runat="server"/>
      <ContinuationManager runat="server" />     

      <GridPanel runat="server" width="100%" height="100%" style="solid:#666666;background:#e9e9e9">
        <Border runat="server" id="Panel" width="100%" height="100%" >
          <table style="width:100%;">
            <tr>
              <td>
                <div style="margin-left:4px; margin-right:4px;margin-top:10px;width:100%;">

                  <Literal runat="server" ID="TextLiteral" Text="Provide keyword text to recognize as Organic Branded:"></Literal>

                </div>
              </td>
            </tr>
            <tr>
              <td>
                <div style="margin-left:2px; margin-right:2px;margin-top:10px;width:100%;">

                  <asp:TextBox type="text" Width="100%" runat="server" ID="KeywordsTextBox"/>
                  <asp:RegularExpressionValidator Id="RegularExpressionValidator" runat="server" ControltoValidate="KeywordsTextBox"
                                                 ErrorMessage="Keywords shouldn't contains special characters."
                                                 ValidationExpression="[\w\s-]+"/>
                  <br/>
                </div>
              </td>
            </tr>

            <tr>
              <td>
                <Border Align="right" Padding="2px" runat="server">
                  <Button runat="server" ID="OK" Width="76px" Height="23px" FontName="Tahoma" FontSize="8pt" Click="OK_Click">
                    <Literal runat="server" Text="OK" ID="OkLiteral"/>
                  </Button >

                  <Button runat="server" ID="Cancel" Width="76px" Height="23px" FontName="Tahoma" FontSize="8pt" Click="Cancel_Click">
                    <Literal runat="server" Text="Cancel" ID="CancelLiteral"/>
                  </Button >
                </Border>
              </td>
            </tr>
          </table>
        </Border>
      </GridPanel>

    </Sitecore.Controls.HtmlPage>
  </Sitecore.Shell.Applications.Analytics.OrganicBrandedKeywords>
</xamlControls>
