﻿<?xml version="1.0" encoding="utf-8" ?>
<xamlControls
  xmlns:x="http://www.sitecore.net/xaml"
  xmlns:ajax="http://www.sitecore.net/ajax"
  xmlns:rest="http://www.sitecore.net/rest"
  xmlns:r="http://www.sitecore.net/renderings"
  xmlns:xmlcontrol="http://www.sitecore.net/xmlcontrols"
  xmlns:p="http://schemas.sitecore.net/Visual-Studio-Intellisense"
  xmlns:asp="http://www.sitecore.net/microsoft/webcontrols"
  xmlns:html="http://www.sitecore.net/microsoft/htmlcontrols"
  xmlns:xsl="http://www.w3.org/1999/XSL/Transform">

  <Sitecore.Shell.Applications.Analytics.Personalization.SelectSinglePreset x:inherits="Sitecore.Shell.Applications.Analytics.Personalization.SelectSinglePreset,Sitecore.Client">
    <Sitecore.Controls.DialogPage runat="server" Header="Select Profile Card" Icon="BusinessV2/32x32/chart_radar.png" Text="Select the profile card whose values you want to assign to the current page.">
      <x:register assembly="Sitecore.Client" namespace="Sitecore.Shell.Applications.Analytics.Personalization" />
      <x:register assembly="Telerik.Web.UI" namespace="Telerik.Web.UI" />

      <Stylesheet Src="Grid.css" DeviceDependant="true" runat="server" />
      <Stylesheet Src="Content Manager.css" DeviceDependant="true" runat="server" />
      <Stylesheet Src="/sitecore/shell/Applications/Analytics/Personalization/PresetList.css" runat="server"/>
      <Script Src="/sitecore/shell/Applications/Analytics/Personalization/PresetList.js" runat="server"/>
      <Script Src="/sitecore/shell/Applications/Analytics/Personalization/Tooltip.js" runat="server"/>

      <style>
        .RadarChart{
        width:344px;
        height:230px;
        margin:10px;
        padding:0;
        }

      </style>

      <RadScriptManager runat="server"/>

      <script type="text/javascript">
        if (typeof(scBrowser) != 'undefined') {
        scBrowser.prototype.initializeFixsizeElementsEx = scBrowser.prototype.initializeFixsizeElements;

        scBrowser.prototype.initializeFixsizeElements = function (preserveFixSize) {
        this.initializeFixsizeElementsEx(preserveFixSize);
        correctSize();
        }


        scBrowser.prototype.resizeFixsizeElementsEx = scBrowser.prototype.resizeFixsizeElements;

        scBrowser.prototype.resizeFixsizeElements = function () {
        this.resizeFixsizeElementsEx();
        correctSize();
        }

        function correctSize(){
        var infoContainer = $('rightContainer');
        if(infoContainer)
        {
        var elementHeight = infoContainer.getHeight();
        infoContainer.setStyle({ height: (elementHeight + 17) + "px" });
        }
        }
        }



        function PresetsSelectedIndexChanged(sender, args) {
          var item = sender.get_selectedItem();
          var presetId = '';
          if (item) {
            var presetId = item.get_value();
          }
          scForm.postRequest('', '', '','PresetsSelectedIndexChanged("' + presetId + '")');
        }

        function ToggleButtonStyle(element)
        {
        if(!element)
        {
        return;
        }

        if (element.className == "on") {
        element.className = "off";
        } else {
        element.className = "on";
        }
        }

        var presetList = new Sitecore.PresetList('PresetsContainer');
        window.onresize = presetList.OnResize;

        Telerik.Web.UI.RadListBox.prototype.commitChanges = function() {
        this._logEntriesJson = this._log.serialize();
        this._updateSelectedIndicesJson();
        this._updateCheckedIndicesJson();
        Telerik.Web.UI.RadListBox.callBaseMethod(this, "commitChanges");
        }

        function ClearListboxSelection(listboxId)
        {
        var listbox = $find(listboxId);
        if(!listbox)
        {
        return;
        }

        listbox.trackChanges();


        listbox.clearSelection();
        listbox.commitChanges();
        }

        function SelectListboxItem(value, listboxId)
        {
        var listbox = $find(listboxId);
        if(!listbox)
        {
        return;
        }

        var item = listbox.findItemByValue(value);
        if (item) {
        item.select();
        }
        }

        function onPresetsLoad(sender) {
        var items = $(sender.get_id()).select('.scPresetItemTemplate');
        for (var i = 0; i &lt; items.size(); i++) {
            items[i].observe('click', onListBoxItemClick);
          }
        }

        function onListBoxItemClick(event) {
          var item = event.element().up('li')._item; //getting RadListBoxItem
          if (item.get_selected()) {
            item.unselect();
            event.stop();
          }
        }
      </script>

      <AjaxScriptManager runat="server"/>
      <ContinuationManager runat="server" />
      <RadToolTipManager runat="server" ID="ToolTipManager"/>
      <table width="100%" height="100%" cellspacing="1" cellpadding="1" Border="0" style="padding:0;">
        <tr valign="top">
          <td>
            <table border="0" cellspacing="0" cellpadding="0" style="padding:0; marging:0;" width="100%" height="100%">
              <tr height="25px">
                <td style="padding-left:3px;" width="100%">
                  <Literal Text="Profile Cards" runat="server" Style="font:bold 9pt tahoma;"/>
                </td>
                <td width="394px">
                  <table border="0" cellspacing="0" cellpadding="0" style="padding:0; marging:0;" width="100%">
                    <tr>
                      <td style="padding-left:10px;">
                        <Literal Text="Profile Card Details" runat="server" Style="font:bold 9pt tahoma;"/>
                      </td>
                      <td align="right">
                        <Button runat="server" id="CustomizeButton" click="CustomizeProfile">
                          <Literal runat="server" Text="Customize"/>
                        </Button>
                      </td>
                    </tr>
                  </table>
                </td>
              </tr>
              <tr style="background-color:#F7F7F7;">
                <td id="PresetsContainer" class="presetList" >
                  <RadListBox ID="Presets" runat="server" Width="100%" height="100%">
                    <Items>
                    </Items>
                  </RadListBox>
                </td>
                <td style="border-top:1px solid #A0A0A0;vertical-align:top;">
                  <div style="margin:0;padding:0;height:100%;width:100%;overflow-y:auto;overflow-x:hidden;" class="scFixSize" id="rightContainer">
                    <table border="0" cellspacing="0" cellpadding="0" style="padding:0; marging:0;" width="100%">
                      <tr>
                        <td valign="top" id="CardContainer" runat="server" style="padding:10px 10px 0 10px; margin:0;width:100%;">
                          <div id="PresetCardContainer" runat="server" style="width:100%;height:74px;border:1px solid #d4d4d4;;background-color:White;">
                            <PresetCard runat="server" id="PresetCard" CssClass="scPresetCard" Height="74px" Width="100%" ShowMoreLink="false" ShowTextBoxSlider="false"></PresetCard>
                          </div>
                          <div id="CustomizationCardContainer" runat="server" style="width:100%;height:100%;display:none;border:1px solid #d4d4d4;;background-color:White;">
                            <CustomizationProfileCard runat="server" id="CustomizationPresetCard" CssClass="PresetCustomizationCard" Height="150px" Width="100%"/>
                          </div>
                        </td>
                      </tr>
                      <tr height="25px">
                        <td style="padding-left:10px;border:0;">
                          <Literal Text="Profile Card Values" ID="ChartLabel" runat="server" Style="font:bold 9pt tahoma;"/>
                        </td>
                      </tr>
                      <tr>
                        <td valign="top" align="center" style="padding:0 10px 0 10px; width:100%; height:250px;">
                          <div id="ChartContainer" runat="server" style="width:100%; height:100%; border:1px solid #d4d4d4;background-color:White;">
                            <RadarChart runat="server" id="PersonalizationRadarChart" CssClass="RadarChart"></RadarChart>
                          </div>
                        </td>
                      </tr>
                    </table>
                  </div>
                </td>
              </tr>
            </table>
          </td>
        </tr>
      </table>
    </Sitecore.Controls.DialogPage>
  </Sitecore.Shell.Applications.Analytics.Personalization.SelectSinglePreset>

</xamlControls>