<?xml version="1.0" encoding="utf-8" ?> 
<control xmlns:def="Definition" xmlns="http://schemas.sitecore.net/Visual-Studio-Intellisense" xmlns:shell="http://www.sitecore.net/shell">
  <Gallery.Reminder>
    <Stylesheet Key="Gallery.Reminder">
      body {
      height:auto;
      }
    </Stylesheet>
    <Gallery>
      <CodeBeside Type="Sitecore.Shell.Applications.ContentManager.Galleries.Reminders.GalleryRemindersForm,Sitecore.Client"/>

      <input type="hidden" id="reloadOnShow" value="1" />

      <Menu ID="Menu" Border="none">
        <MenuHeader Header="Reminder"/>
        <MenuLine/>
        <MenuPanel ID="Panel" Padding="8px 4px 8px 4px" Style="white-space:nowrap"/>
        <MenuLine/>
      </Menu>

    </Gallery>
  </Gallery.Reminder>
</control>
