﻿<?xml version="1.0" encoding="UTF-8" ?>
<xamlControls
  xmlns:x="http://www.sitecore.net/xaml"
  xmlns:ajax="http://www.sitecore.net/ajax"
  xmlns:rest="http://www.sitecore.net/rest"
  xmlns:javascript="http://www.sitecore.net/javascript"
  xmlns:r="http://www.sitecore.net/renderings"
  xmlns:xmlcontrol="http://www.sitecore.net/xmlcontrols"
  xmlns:p="http://schemas.sitecore.net/Visual-Studio-Intellisense"
  xmlns:asp="http://www.sitecore.net/microsoft/webcontrols"
  xmlns:html="http://www.sitecore.net/microsoft/htmlcontrols"
  xmlns:xsl="http://www.w3.org/1999/XSL/Transform">

  <Sitecore.Shell.Applications.MarketingAutomation.Dialogs.ActionEditors.AddRemoveVisitorFromRoles
      x:inherits="Sitecore.Shell.Applications.MarketingAutomation.Dialogs.ActionEditors.AddRemoveVisitorFromRoles, Sitecore.Shell.MarketingAutomation">

    <!--<Sitecore.Controls.DialogPage Icon="Software/32x32/graph_edge_directed.png" runat="server"
                                  Header="Add Points"
                                  Text="Specify the number of points that you want to add to the visitor's lead score." >



      <AjaxScriptManager runat="server" />
      <ContinuationManager runat="server" />
      <Border runat="server"  Margin="20 0 10 0" >
        <table width="100%">
          <tr>
            <td>
              <asp:Literal ID="InstructionLiteral" runat="server" Text="Points:" />
            </td>
          </tr>
          <tr>
            <td>
              <asp:TextBox ID="NumberOfPointsTextBox" runat="server"  Width="100%" Text="0" onFocus="javascript:this.select();"/>
            </td>
          </tr>
        </table>
      </Border>

    </Sitecore.Controls.DialogPage>-->



    <Sitecore.Controls.DialogPage Icon="Software/32x32/graph_edge_directed.png" runat="server"
                                  Header="Add or remove visitor from roles"
                                  Text="Select one or more roles to add the visitor to or remove the visitor from." >

      <AjaxScriptManager runat="server" />
      <ContinuationManager runat="server" />
      <style type="text/css">
        .header div, .header input, .header select,.jq_watermark,.watermark_container
        {
        width:100% !important;
        }
        .header input
        {
        background-color: white !important;
        color:black !important;
        }
        select
        {
        width:100%;
        height:100%;
        min-height:100%;
        }

        .DomainSelectorContainer
        {
        padding-bottom:4px;
        }

        .SearchTextLabelContainer
        {
        padding-bottom:2px;
        }

        td img
        {
        padding-top:2px;
        }
      </style>
      <xmlcontrol:SelectList runat="server" ID="Main"/>
    </Sitecore.Controls.DialogPage>
    
  </Sitecore.Shell.Applications.MarketingAutomation.Dialogs.ActionEditors.AddRemoveVisitorFromRoles>

</xamlControls>