﻿<?xml version="1.0" encoding="UTF-8" ?>
<xamlControls
  xmlns:x="http://www.sitecore.net/xaml"
  xmlns:ajax="http://www.sitecore.net/ajax"
  xmlns:rest="http://www.sitecore.net/rest"
  xmlns:javascript="http://www.sitecore.net/javascript"
  xmlns:r="http://www.sitecore.net/renderings"
  xmlns:xmlcontrol="http://www.sitecore.net/xmlcontrols"
  xmlns:p="http://schemas.sitecore.net/Visual-Studio-Intellisense"
  xmlns:asp="http://www.sitecore.net/microsoft/webcontrols"
  xmlns:html="http://www.sitecore.net/microsoft/htmlcontrols"
  xmlns:xsl="http://www.w3.org/1999/XSL/Transform">

  <Sitecore.Shell.Applications.MarketingAutomation.Dialogs.ActionEditors.UpdateValueOnVisitorUserProfile
      x:inherits="Sitecore.Shell.Applications.MarketingAutomation.Dialogs.ActionEditors.UpdateValueOnVisitorUserProfile, Sitecore.Shell.MarketingAutomation">
    <style type="text/css">
      li div
      {
      float:left;
      margin:5px;
      border:1px solid black;
      }

      li
      {
      list-style-type:none;
      width:100%;
      margin-bottom:5px;
      }

      ul
      {
      padding:5px 0px;
      margin:0px;
      }

      li img, a img
      {
      width:16px;
      height:16px;
      }

      li select
      {
      width:150px;
      }

      li input
      {
      width:220px;
      }

      span
      {
      padding:0px 3px;
      }

      #Scroll
      {
      height:85%;
      }

      #AddProperty
      {
      width:100px;
      font-size:12px;
      }

      .lang_ja_jp #AddProperty
      {
      width: 165px;
      }

      .TitleLabel, .ValueLabel
      {
      float:left;
      width:155px;
      padding-left:6px;
      }

      .cbx
      {
      margin: 2px 0px 8px 0px;
      }

      #Scroll
      {
      background-color:#E9E9E9;
      border:0;
      padding-top:0px !important;
      }
    </style>
    <Sitecore.Controls.DialogPage Icon="Software/32x32/graph_edge_directed.png" runat="server"
                                  Header="Update a Value on the Visitor’s User Profile"
                                  Text="Specify the Values to Set in the Visitor’s User Profile" >

      <AjaxScriptManager runat="server" />
      <ContinuationManager runat="server" />

      <Edit ID="Storage" runat="server" Hidden="true" />

      <script id="textTemplate" type="text/x-jQuery-tmpl">
        <li>
          <span class="FieldSelectorContainer">
            <select>
              {{each profiles}}
              <optgroup label="${name}" data-id="${id}">
                {{each fields}}
                <option value="${id}" data-type="${type}" >${name}</option>
                {{/each}}
              </optgroup>
              {{/each}}
            </select>
          </span>
          <span class="FieldValueContainer">
            <input type="text"></input>
          </span>
          <span class="del">
            <ThemedImage Src="Applications/16x16/delete2.png" ID="DelMe" runat="server" border="0" />
          </span>
        </li>
      </script>

      <div class="ErrorMessage">
        error
      </div>

      <div class="cbx">
        <Checkbox  ID="OverwriteProfile" Checked="true" Header="Overwrite User Field If It Already Contains a Value" Margin="0 4 0 0" runat="server" />
      </div>

      <div >
        <div class="TitleLabel">
          <Literal runat="server" Text="Field Name:" ID="FieldTitle"></Literal>
        </div>
        <div class="ValueLabel">
          <Literal runat="server" Text="Value:" ID="ValueTitle"></Literal>
        </div>
      </div>
      <br/>
      <Scrollbox runat="server" ID="Scroll" >
        <div>
          <ul class="placeholder">
          </ul>
        </div>
      </Scrollbox>
      <div>
        <input type="button" ID="AddProperty" class="addProperty" value=""></input>
      </div>
    </Sitecore.Controls.DialogPage>
  </Sitecore.Shell.Applications.MarketingAutomation.Dialogs.ActionEditors.UpdateValueOnVisitorUserProfile>
</xamlControls>