<?xml version="1.0" encoding="utf-8" ?> 
<control xmlns:def="Definition" xmlns="http://schemas.sitecore.net/Visual-Studio-Intellisense">
  <Sitecore.Shell.Applications.Analytics.Lookups.RunLookup>
    <WizardForm CodeBeside="Sitecore.Shell.Applications.Analytics.Lookups.RunLookupForm,Sitecore.Client">

      <WizardFormFirstPage ID="FirstPage" Icon="Network/32x32/Clients.png">
        <Border Class="scWizardWelcomeTitle"><Literal ID="Welcome" Text="Welcome to the Refresh Lookup Wizard."/></Border>
        <Literal Text="This wizard helps you:"/>
        <ul>
          <li class="scWizardBullet"><Literal Text="Refresh the lookups in the Analytics database."/></li>
        </ul>
      </WizardFormFirstPage>
      
      <WizardFormPage ID="Options" Header="Options" Text="Select the entries that you want to refresh. Click Refresh to refresh the lookups." Icon="Network/32x32/Clients.png">
        <WizardFormIndent>
          <Groupbox Header="Options" Padding="2px">
            <Border>
              <Radiobutton ID="OnlyBlanksButton" Name="Action" Value="Update" Header="Update blank entries."/>
            </Border>
            <Border>
              <Radiobutton ID="AllButton" Name="Action" Value="All" Header="Update all entries."/>
            </Border>
          </Groupbox>
        </WizardFormIndent>
      </WizardFormPage>
    
      <WizardFormPage ID="Ready" Header="Ready." Text="The wizard is ready to run. Click Refresh to refresh the lookups." Icon="Network/32x32/Clients.png">
        <WizardFormIndent>
          <Literal Text="Action:" />
          <ul>
            <li>
              <b>
                <Literal ID="ActionText"/>
              </b>
            </li>
          </ul>
        </WizardFormIndent>
      </WizardFormPage>

      <WizardFormPage ID="Running" Header="Refreshing" Text="Refreshing the lookups..." Icon="Network/32x32/Clients.png">
        <GridPanel Width="100%">
          <Space Height="64"/>

          <ThemedImage Src="Network/48x48/Clients.png" Width="48" Height="48" GridPanel.Align="center"/>

          <Space Height="16"/>

          <Border Align="center">
            <ThemedImage Src="Images/progress.gif" Width="94" Height="17"/>
          </Border>

          <Space Height="16"/>

          <Border ID="PublishingText" Align="center" GridPanel.Align="center" GridPanel.Style="font-weight:bold">
            <Literal Text="Refreshing..."/>
          </Border>
          <Space Height="16"/>
          <Border ID="Status" Align="center" GridPanel.Align="center">
            &#160;
          </Border>

        </GridPanel>
      </WizardFormPage>

      <WizardFormPage ID="Retry" Header="Error" Text="An error occurred while refreshing the lookups." Icon="Network/32x32/Clients.png">
        <WizardFormPadding>
          <GridPanel Width="100%" Height="100%" Fixed="true">
            <Memo ID="ErrorText" ReadOnly="true" Width="100%" Height="100%"/>
          </GridPanel>
        </WizardFormPadding>
      </WizardFormPage>

      <WizardFormLastPage ID="LastPage" Icon="Network/32x32/Clients.png">
        <GridPanel Cellpadding="2" Width="100%" Height="100%" Fixed="true">

          <Border GridPanel.Style="padding:0px 0px 16px 0px; font-weight:bold">
            <Literal Text="The wizard has completed. Click Finish to close the wizard."/>
          </Border>

          <Border GridPanel.Style="padding:0px 0px 2px 0px">
            <Literal Text="Result:"/>
          </Border>

          <Memo ID="ResultText" ReadOnly="true" Width="100%" Height="100%" GridPanel.Height="100%"/>

        </GridPanel>
      </WizardFormLastPage>

    </WizardForm>
  </Sitecore.Shell.Applications.Analytics.Lookups.RunLookup>
</control>
