<?xml version="1.0" encoding="utf-8" ?>
<control xmlns:def="Definition" xmlns="http://schemas.sitecore.net/Visual-Studio-Intellisense">
  <MediaFolder>
    <FormPage>
      <CodeBeside Type="Sitecore.Shell.Applications.Media.MediaFolder.MediaFolderForm,Sitecore.Client"/>
      <Stylesheet Src="Media Folder Viewer.css" DeviceDependant="true"/>

      <Border id="SettingsContainer" style="display:none" />
      
      <Script runat="server" Src="/sitecore/shell/controls/lib/YUIupload/yahoo-dom-event/yahoo-dom-event.js" />
      <Script runat="server" Src="/sitecore/shell/controls/lib/YUIupload/element/element-beta-min.js" />
      <Script runat="server" Src="/sitecore/shell/controls/lib/YUIupload/uploader/uploader-experimental-min.js" />

      <Script type="text/JavaScript" language="javascript" src="/sitecore/shell/controls/lib/scriptaculous/scriptaculous.js?load=effects" />
      <Script type="text/JavaScript" language="javascript" Src="/sitecore/shell/controls/SitecoreLightbox.js" />
      <Script type="text/JavaScript" language="javascript" Src="/sitecore/shell/applications/media/mediafolder/mediafolder.js"/>

      <Border Class="scBackground" Height="100%">
        <GridPanel Width="100%" Height="100%">
          <Scrollbox ID="FileList" Height="100%" Class="scScrollbox scFixSize" Background="Transparent" Border="none" Padding="0px" GridPanel.Height="100%" ContextMenu="FileList_ContextMenu" />
        </GridPanel>
      </Border>

      <div id="UploadPanel" style="width: 684px; display:none; background: white">
        <div id="UploadUI">
          <Literal Text="These files are ready for uploading:" style="display: none; padding: 0px 0px 12px 4px; font-weight: 700" ID="Header" runat="server" />

          <Scrollbox ID="Scrollbox" Style="border:none; padding:0">
            <table style="display:none;" id="queue" cellpadding="0" cellspacing="0">
              <thead>
                <tr>
                  <th class="filename">
                    <Literal runat="server" Text="Filename" />
                  </th>
                  <th class="size">
                    <Literal runat="server" Text="Size" />
                  </th>
                  <th class="alt">
                    <Literal runat="server" Text="Alternate Text" />
                  </th>
                  <th></th>
                </tr>
              </thead>
              <tbody>
              </tbody>
            </table>
          </Scrollbox>
        </div>

        <GridPanel id="AdvancedOptions" class="options" runat="server" Columns="2" Style="display:none">
          <Checkbox Header="Unpack ZIP Archives" runat="server" ID="Unpack" />
          <Checkbox Header="Make Uploaded Media Items Versionable" runat="server" ID="Versioned" />

          <Checkbox Header="Overwrite Existing Media Items" runat="server" ID="Overwrite" />
          <Checkbox Header="Upload as Files" runat="server" ID="AsFiles" />
        </GridPanel>

        <div id="buttons" style="display:none">
          <img src="/sitecore/shell/themes/standard/images/loading15x15.gif" Class="closeProgress" style="display:none; margin-left: 8px" />

          <Button id="UploadButton" runat="server" Click="OnStart" Header="Upload" style="display:none"  />
          <Button id="CancelButton" runat="server" Click="OnCancel" Header="Cancel" />
          <Button id="CloseButton" runat="server" Click="" onclick="javascript:scMediaFolder.activeUploader.close()" Header="Close" style="display:none" />
        </div>
      </div>

    </FormPage>
  </MediaFolder>
</control>
