<?xml version="1.0" encoding="utf-8" ?>
<control xmlns:def="Definition" xmlns="http://schemas.sitecore.net/Visual-Studio-Intellisense" xmlns:content="http://www.sitecore.net/content">
  <CustomizeRibbon>
    <FormDialog Icon="Control/32x32/toolbar.png" Header="Customize My Toolbar" Text="Add or remove commands from My Toolbar.">
      <Stylesheet Key="CustomizeRibbon">
        .scContentControl {
        height:100%;
        }
        .scContentControlMultilistBox {
        height:100%;
        }
      </Stylesheet>

      <CodeBeside Type="Sitecore.Shell.Applications.Dialogs.CustomizeRibbon.CustomizeRibbonForm,Sitecore.Client"/>
      
      <content:TreeList ID="TreeList" DisplayFieldName="Header" Source="/sitecore/content/Applications/Content Editor/Ribbons/Chunks" Activation="false" Style="background:#e9e9e9;border:none" DatabaseName="core" ExcludeTemplatesForSelection="Chunk" AllowMultipleSelection="true"/>
      
    </FormDialog>
  </CustomizeRibbon>
</control>
