<?xml version="1.0" encoding="utf-8" ?> 
<control xmlns:def="Definition" xmlns="http://schemas.sitecore.net/Visual-Studio-Intellisense">
  <PreviewMenuPage>
    <FormPage Background="transparent">
      <Stylesheet Src="Sidebar.css"/>
      <Stylesheet Src="/sitecore/portal/tech/tech.css"/>

      <Script Src="/sitecore/shell/Controls/SitecoreSidebar.js" Form="true"/>

      <CodeBeside Type="Sitecore.Shell.Applications.Preview.PreviewMenuPageForm,Sitecore.Client"/>

      <SidebarPortal PortalID="PreviewPortal" PortalDataSource="/sitecore/content/Applications/Preview/Portal"/>
 
    </FormPage>
  </PreviewMenuPage>
</control>
