﻿<?xml version="1.0" encoding="utf-8" ?>
<xamlControls
  xmlns:x="http://www.sitecore.net/xaml"
  xmlns:ajax="http://www.sitecore.net/ajax"
  xmlns:rest="http://www.sitecore.net/rest"
  xmlns:javascript="http://www.sitecore.net/javascript"
  xmlns:r="http://www.sitecore.net/renderings"
  xmlns:xmlcontrol="http://www.sitecore.net/xmlcontrols"
  xmlns:p="http://schemas.sitecore.net/Visual-Studio-Intellisense"
  xmlns:asp="http://www.sitecore.net/microsoft/webcontrols"
  xmlns:html="http://www.sitecore.net/microsoft/htmlcontrols"
  xmlns:xsl="http://www.w3.org/1999/XSL/Transform">

  <Sitecore.Shell.Applications.MarketingAutomation.Dialogs.SelectStateVisitor x:inherits="Sitecore.Shell.Applications.MarketingAutomation.Dialogs.SelectStateVisitorPage,Sitecore.Shell.MarketingAutomation">
    <Sitecore.Controls.DialogPage Header="Visitors" Text="A list of all the known visitors that are in this state." Icon="People/32x32/user1.png" runat="server">
      <x:register assembly="ComponentArt.Web.UI" namespace="ComponentArt.Web.UI"/>

      <Stylesheet Src="Grid.css" DeviceDependant="true" runat="server" />

      <AjaxScriptManager runat="server"/>
      <ContinuationManager runat="server" />

      <script type="text/javascript" language="javascript" runat="server" x:placeholder="Scripts">
        <![CDATA[
        function Visitors_onDoubleClick(sender, eventArgs)
        {
          scForm.postRequest('','','','OK_Click');
        }
        function Visitors_onDoubleClickReadOnly(sender, eventArgs)
        {
          //scForm.postRequest('','','','OpenReport');
        }
        ]]>
      </script>

      <GridPanel ID="MainPanel" Height="100%" Width="100%" runat="server">
          <Border ID="GridContainer" GridPanel.Height="90%" Height="100%" runat="server">
              <Grid id="Visitors"
                RunningMode="Callback"
                CssClass="Grid"
                
                AllowMultipleSelect="false"
            
                ShowHeader="true"
                HeaderCssClass="GridHeader"
                AutoFocusSearchBox="false"
            
                FooterCssClass="GridFooter"
            
                GroupByText = ""
                GroupingNotificationText = ""
                GroupByCssClass="GroupByCell"
                GroupByTextCssClass="GroupByText"
                GroupBySortAscendingImageUrl="group_asc.gif"
                GroupBySortDescendingImageUrl="group_desc.gif"
                GroupBySortImageWidth="10"
                GroupBySortImageHeight="10"
                ManualPaging ="true"
                GroupingNotificationTextCssClass="GridHeaderText"
                GroupingPageSize="5"
            
                PageSize="15"
                PagerStyle="Slider"
                PagerTextCssClass="GridFooterText"
                PagerButtonWidth="41"
                PagerButtonHeight="22"
                PagerImagesFolderUrl="/sitecore/shell/themes/standard/componentart/grid/pager/"
                
                PagerInfoClientTemplateId ="PagerInfoTemplate"
            
                ShowSearchBox="true"
                SearchTextCssClass="GridHeaderText"
                SearchBoxCssClass="SearchBox"
      	    
                SliderHeight="20"
                SliderWidth="150"
                SliderGripWidth="9"
                SliderPopupOffsetX="20"
                SliderPopupClientTemplateId="SliderTemplate"
            
                TreeLineImagesFolderUrl="/sitecore/shell/themes/standard/componentart/grid/lines/"
                TreeLineImageWidth="22"
                TreeLineImageHeight="19"
            
                PreExpandOnGroup="false"
                ImagesBaseUrl="/sitecore/shell/themes/standard/componentart/grid/"
                IndentCellWidth="22"

                LoadingPanelClientTemplateId="LoadingFeedbackTemplate"
                LoadingPanelPosition="MiddleCenter"
            
                Width="100%" Height="100%" runat="server">

                  <Levels>
                      <GridLevel
                        DataKeyField="scGridID"
                        ShowTableHeading="false"
                        ShowSelectorCells="false"
                        RowCssClass="Row"
                        ColumnReorderIndicatorImageUrl="reorder.gif"
                        DataCellCssClass="DataCell"
                        HeadingCellCssClass="HeadingCell"
                        HeadingCellHoverCssClass="HeadingCellHover"
                        HeadingCellActiveCssClass="HeadingCellActive"
                        HeadingRowCssClass="HeadingRow"
                        HeadingTextCssClass="HeadingCellText"
                        SelectedRowCssClass="SelectedRow"
                        GroupHeadingCssClass="GroupHeading"
                        SortAscendingImageUrl="asc.gif"
                        SortDescendingImageUrl="desc.gif"
                        SortImageWidth="13"
                        SortImageHeight="13" runat="server">
                          <Columns runat="server">
                              <GridColumn DataField="scGridID" Visible="false" IsSearchable="false" runat="server"/>
                              <GridColumn DataField="Visitor.VisitorId" Visible="false" IsSearchable="false" runat="server"/>
                              <GridColumn DataField="User.Profile.Portrait" Visible="false" IsSearchable="false" runat="server"/>
                              <GridColumn DataField="Name" AllowSorting="false" AllowGrouping="false" IsSearchable="true" SortedDataCellCssClass="SortedDataCell" HeadingText="User Name" runat="server" />
                              <GridColumn DataField="Email" AllowSorting="false" AllowGrouping="false" IsSearchable="true" SortedDataCellCssClass="SortedDataCell" HeadingText="Email" runat="server" />
                              <GridColumn DataField="Visitor.VisitCount" Visible="true" AllowSorting="false" AllowGrouping="false" IsSearchable="false" SortedDataCellCssClass="SortedDataCell" HeadingText="No. of Visits" runat="server" />
                              <GridColumn DataField="LastVisit" Visible="true" AllowSorting="false" AllowGrouping="false" IsSearchable="false" SortedDataCellCssClass="SortedDataCell" HeadingText="Last Visit" runat="server" />

                          </Columns>
                      </GridLevel>
                  </Levels>

                  <ClientTemplates>
                         <ClientTemplate Id="PagerInfoTemplate" runat="server" >                         
                         
                      </ClientTemplate>
                      
                      <ClientTemplate Id="LocalNameTemplate" runat="server">
                          <img src="/~/icon/## DataItem.GetMember('User.Profile.Portrait').Value ##.aspx" width="16" height="16" border="0" alt="" align="absmiddle"/>
                          ## DataItem.GetMember('User.LocalName').Value ##
                      </ClientTemplate>

                      <ClientTemplate Id="LoadingFeedbackTemplate" runat="server">
                          <table cellspacing="0" cellpadding="0" border="0">
                              <tr>
                                  <td style="font-size:10px;">
                                      <Literal Text="Loading..." runat="server" />;
                                  </td>
                                  <td>
                                      <img src="/sitecore/shell/themes/standard/componentart/grid/spinner.gif" width="16" height="16" border="0" />
                                  </td>
                              </tr>
                          </table>
                      </ClientTemplate>

                      <ClientTemplate Id="SliderTemplate" runat="server">
                          <table class="SliderPopup" cellspacing="0" cellpadding="0" border="0">
                              <tr>
                                  <td>
                                      <div style="padding:4px;font:8pt tahoma;white-space:nowrap;overflow:hidden">## DataItem.GetMember('User.Name').Value ##</div>
                                  </td>
                              </tr>
                              <tr>
                                  <td style="height:14px;background-color:#666666;padding:1px 8px 1px 8px;color:white">
                                      ## DataItem.PageIndex + 1 ## / ## Visitors.PageCount ##
                                  </td>
                              </tr>
                          </table>
                      </ClientTemplate>                 
                  </ClientTemplates>
              </Grid>             
          </Border>
          <Border runat="server">
              <Border ID="ExtraButtonsPanel" runat="server" Style="float:left" Padding="0px 0px 0px 0px"  NoWrap="NoWrap">
                  <Button Visible="false" Id="Export" runat="server" Click="ExportClick">
                      <Literal Text ="Export" runat="server"/>
                  </Button>
                  <Button Visible="false" Id="SeeVisitor" runat="server" Click="OpenReportClick">
                      <Literal Text ="Visits" runat="server"/>
                  </Button>
                  <Button Visible="false" Id="SeeFullReport" runat="server" Click="FullReportClick">
                      <Literal Text ="Full report" runat="server"/>
                  </Button>
              </Border>
              <Border Style="float:right" Padding="4px 0px 0px 0px" runat="server"  NoWrap="NoWrap" >
                  <Literal runat="server" Id="UnkownUsersMessage" />                  
              </Border>
          </Border>
      </GridPanel>       
    </Sitecore.Controls.DialogPage>
  </Sitecore.Shell.Applications.MarketingAutomation.Dialogs.SelectStateVisitor>
</xamlControls>