<?xml version="1.0" encoding="utf-8" ?>
<control xmlns:def="Definition" xmlns="http://schemas.sitecore.net/Visual-Studio-Intellisense" xmlns:shell="http://www.sitecore.net/shell">
  <Sitecore.Shell.Applications.Media.MediaBrowser>
    <FormDialog Icon="Applications/32x32/photo_scenery.png" Header="Media Browser" Submittable="false" 
      Text="Select the image or file that you want to open.">

      <Stylesheet Src="MediaBrowser.css" DeviceDependant="true" />
      <CodeBeside Type="Sitecore.Shell.Applications.Media.MediaBrowser.MediaBrowserForm,Sitecore.Client"/>

      <DataContext ID="MediaDataContext" DataViewName="Master"/>

      <GridPanel Width="100%" Height="100%" Style="table-layout:fixed">

        <GridPanel Width="100%" Height="100%" Style="table-layout:fixed" Columns="3" GridPanel.Height="100%">

          <Scrollbox Height="100%" Class="scScrollbox scFixSize scFixSize8" Background="white" Padding="0px" GridPanel.Height="100%" GridPanel.Width="200" GridPanel.VAlign="top" Style="overflow:auto">
            <TreeviewEx ID="Treeview" DataContext="MediaDataContext" Click="SelectTreeNode" DblClick="TreeViewDblClick" ShowRoot="true" ContextMenu='Treeview.GetContextMenu("contextmenu")' Width="100%" />
          </Scrollbox>

          <VSplitter ID="MediaBrowserLeft" Target="left" GridPanel.Width="4" />

          <Scrollbox ID="Listview" Width="100%" Height="100%" Class="scScrollbox scFixSize scFixSize8" Background="white" Padding="0px" GridPanel.Height="100%" GridPanel.Width="100%" GridPanel.VAlign="top" />

        </GridPanel>

        <Border Class="filenameContainer">
          <GridPanel Width="100%" Columns="2">

            <Border Class="name">
              <Literal Text="Name:"/>
            </Border>

            <Edit ID="Filename" Class="filename" Width="100%" GridPanel.Width="100%"/>
          </GridPanel>
        </Border>

      </GridPanel>

      <Border def:placeholder="Buttons">
        <Button Header="Upload" Click="UploadImage"/>
        <Space Width="4"/>
        <Button Header="Drag and Drop" ID="OpenWebDAVViewButton" Click="OpenWebDAVView" Style="white-space:nowrap;"/>
      </Border>

    </FormDialog>
  </Sitecore.Shell.Applications.Media.MediaBrowser>
</control>
