﻿<?xml version="1.0" encoding="utf-8" ?>
<control xmlns:def="Definition" xmlns="http://schemas.sitecore.net/Visual-Studio-Intellisense">
   <Installer.FileBrowser>
      <FormDialog ID="Dialog" Icon="Applications/48x48/folder.png" Header="File browser" Text="Please select a file.">
         <CodeBeside Type="Sitecore.Shell.Applications.Install.Dialogs.FileBrowserForm,Sitecore.Client"/>
         <DataContext ID="FileDataContext" DataViewName="FileSystem"/>

         <GridPanel Width="100%" Height="100%" Style="table-layout:fixed">
            <Scrollbox Height="100%" Background="white" Border="1px inset" Padding="0" GridPanel.Height="100%">

               <DataTreeview ID="Treeview" DataContext="FileDataContext" Click="SelectTreeNode" ShowRoot="false" ContextMenu='Treeview.GetContextMenu("contextmenu")'>
                  <TreeHeader>
                     <TreeHeaderItem Name="name" Header="Name"/>
                     <TreeHeaderItem Name="__Short description" Header="Description"/>
                  </TreeHeader>
               </DataTreeview>

            </Scrollbox>

            <Border Padding="4px 0px 4px 0px">
               <GridPanel Width="100%" Columns="2">

                  <Border Padding="0px 4px 0px 0px">
                     <Literal Text="Name:"/>
                  </Border>

                  <Edit ID="Filename" Width="100%" GridPanel.Width="100%"/>
               </GridPanel>
            </Border>

         </GridPanel>

         <Button Header="Upload" def:placeholder="Buttons" Click="filebrowser:upload"/>

      </FormDialog>
   </Installer.FileBrowser>
</control>
