﻿<?xml version="1.0" encoding="utf-8" ?>
<control xmlns:def="Definition" xmlns="http://schemas.sitecore.net/Visual-Studio-Intellisense">
  <Sitecore.Shell.Applications.Dialogs.DateTimeSelector>
    <FormDialog Header="Date/Time" Text="Select a date/time." Icon="People/32x32/clock.png">
      <CodeBeside Type="Sitecore.Shell.Applications.Dialogs.DateTimeSelectors.DateTimeSelector,Sitecore.Client" />

      <Border Padding="4px 0px 0px 24px">
        <DateTimePicker ID="Date"/>
      </Border>

    </FormDialog>
  </Sitecore.Shell.Applications.Dialogs.DateTimeSelector>
</control>