<?xml version="1.0" encoding="utf-8" ?>
<control xmlns:def="Definition" xmlns="http://schemas.sitecore.net/Visual-Studio-Intellisense">
  <DesktopLink>
    <FormDialog Icon="Applications/32x32/redo.png" 
      Header="Link" 
      Text="You can change the link properties here. When done, click the OK button."
      OKButton="OK">
        
      <CodeBeside Type="Sitecore.Shell.Applications.Dialogs.DesktopLink.DesktopLinkForm,Sitecore.Client"/>

      <GridPanel CellPadding="2" Columns="2" Width="100%">
        <Label For="Link" GridPanel.NoWrap="true"><Literal Text="Link:"/></Label>
        
        <GridPanel Columns="2" Width="100%" Fixed="true">
          <Edit ID="Link" Width="100%"/>
          <Button Header="Browse" Click="link:itembrowse" GridPanel.Width="75"/>
        </GridPanel>
        
        <hr GridPanel.ColSpan="2"/>

        <Label For="Name" GridPanel.NoWrap="true"><Literal Text="Name:"/></Label>
        <Edit ID="Name" Width="100%" GridPanel.Width="100%"/>
        
        <Label For="Icon" GridPanel.NoWrap="true"><Literal Text="Icon:"/></Label>
        <GridPanel Columns="2" Width="100%" Fixed="true">
          <Edit ID="Icon" Width="100%"/>
          <Button Header="Browse" Click="link:iconbrowse" GridPanel.Width="75"/>
        </GridPanel>

      </GridPanel>
      
      <Button Header="Reset" Click="Reset" def:placeholder="Buttons"/>
      
    </FormDialog>
  </DesktopLink>
</control>
